,user_id,name,review_count,yelping_since,useful,fans,elite_count,compliment_count,months_since,final_score
0,6s-g2vFu12OemhiK3FJuOQ,Dave,2337,2007-02-14,187492,824,11,23361,134,9.659785390033807
1,JjXuiru1_ONzDkYVrHN0aw,Richard,999,2009-08-23,224710,977,7,188209,104,9.075317946957325
2,23J4vG9_xxxdnmi8CBX7Ng,Joan,1659,2004-10-12,49143,1222,13,22922,162,8.480747467142685
3,VHdY6oG2JPVNjihWhOooAQ,Jessica,1837,2005-07-21,38872,1791,13,32124,153,8.463639207773179
4,nkN_do3fJ9xekchVC-v68A,Jeremy,1327,2004-10-12,31788,1820,13,8800,162,8.376683475131928
5,om5ZiponkpRqUNa3pVPiRg,Andrea,2578,2006-01-18,83693,842,12,8940,147,8.312731151483836
6,gjhzKWsqCIrpEd9pevbKZw,Miriam,3138,2005-09-21,22779,1118,13,12456,151,7.793269785675817
7,iLjMdZi0Tm7DQxX1C1_2dg,Ruggy,2258,2007-07-31,72300,2135,10,25907,129,7.733287302613454
8,G5LXEaxhQMF_BVjNHkVr7g,Nish,1884,2004-12-07,10029,647,13,8230,160,7.4605353747785985
9,ysCBsXWPB-LAiewVS3jZfQ,Jando,3253,2006-11-08,48621,1266,11,30749,137,7.440731384492143
10,q_QQ5kBBwlCcbL1s4NVK3g,Jane,1213,2005-03-14,51946,1335,10,15666,157,7.337184720552268
11,nzsv-p1O8gCfP3XijfQrIw,Anita,4051,2005-04-12,1598,680,13,10994,156,7.2851987900312265
12,5MCBLBxr10NLUKZ4AboAMg,Colleen,2766,2006-09-07,37479,1074,11,26465,139,7.169408844658539
13,m07sy7eLtOjVdZ8oN9JKag,Ed,3855,2006-07-22,116,1572,12,14128,141,7.082150247302788
14,5F_ASUSCHFf3YotkKioZ5w,Ellen,1242,2005-08-21,6443,164,13,2596,152,7.070820257454916
15,ITa3vh5ERI90G_WP4SmGUQ,Peter,2710,2008-05-06,49476,1803,10,24341,119,7.055778535144468
16,8Aq_UdlsrjhBwGWb_U-xRA,Wilhelm,1004,2006-11-30,50777,237,11,35332,137,7.055255913001423
17,9VJa4yxtnLct0pN_1RcD_w,Jordan,2062,2005-08-11,1321,277,13,1697,152,7.0247590419359325
19,CNdJaOdUjLIceVxhWcMNRA,Geoff,739,2005-09-15,2202,217,13,1264,151,7.000848068611704
21,Xj0O2l0bp633ebmG468aZw,Andrew,4559,2005-07-18,52,180,13,975,153,6.9703855811199675
24,UQFE3BT1rsIYrcDvu_XVow,Mike,1379,2005-07-22,274,98,13,478,153,6.937441614605465
28,wEE-YMx5pmSuagLtNxMPKA,Stephanie,1546,2007-08-16,67187,1279,9,16326,128,6.844263929354493
32,HYQoxBC1y1DGPq6pGP09Tw,Matt,1906,2006-06-20,12689,305,12,17070,142,6.786644899538678
33,eKUGKQRE-Ywi5dY55_zChg,Cherylynn,1973,2008-01-20,51220,1962,8,121527,123,6.78661973154089
36,8DEyKVyplnOcSKx39vatbg,Philip,807,2007-06-09,81035,511,9,10914,130,6.767160481440791
38,rt3PC7WCgCKsoufmQJELfw,Teri,1012,2005-07-06,2942,325,12,6504,153,6.719279584739398
40,P5bUL3Engv-2z6kKohB6qQ,Kim,9788,2006-05-31,19,680,12,5534,143,6.692229617982734
43,1xJwMqmvVXPwY7yEVQIc-A,Jacob,2444,2006-01-19,8038,186,12,2677,147,6.662578125607648
45,Pf7FI0OukC_CEcCz0ZxoUw,Don,2301,2007-07-10,21304,900,11,14614,129,6.6406764002442085
51,53bZ_EsXH71L7iFs5MP9_w,Cynthia,1966,2006-02-10,1709,331,12,2676,146,6.599631127915798
52,8h1r7mXd-H225yDgc4EMPg,Sarah,1147,2005-11-23,6339,55,12,252,149,6.5921823790317475
56,seAX967Wk8qiVXOYjbregg,Cassidy,635,2005-04-13,162,56,12,631,156,6.570446206960764
57,dIIKEfOgo0KqUfGQvGikPg,Gabi,1817,2007-08-10,20789,775,11,11272,128,6.5535703693771925
59,2hMNc8G87MGYw4PomxT8AQ,Cassie,1622,2005-12-10,790,171,12,551,148,6.531792640206133
60,jX52sZoojxyYV2viWNyO7A,David,1279,2005-09-21,638,90,12,495,151,6.5312516662954465
64,_cUtxCvCccwgNJzD5I0cDA,Kyle,1445,2006-12-22,25775,230,11,15325,136,6.522481211166352
66,hcZqq-a16ZTjaM2p2MljTg,Vicky,861,2005-12-28,531,133,12,934,148,6.512303028780389
68,XCW5pJCDhvlW76XTSUEkIg,Ivy,1773,2008-08-21,83175,181,9,14416,116,6.50383672239699
71,h7cX02YMLzyobfZ7E-mg-Q,Heather,622,2006-01-27,1052,65,12,483,147,6.478494508462162
73,lufa4bHQd3XLYQE1zXis0g,Lisa,1836,2006-06-12,208,207,12,1315,142,6.465531226707793
74,GpgBEengSGt1SDH67ATF8Q,Sherri,828,2006-01-20,480,56,12,356,147,6.464000858616219
75,Ffa1cXIvFAy8H1sorICaiQ,Stephanie,773,2006-04-27,1387,99,12,883,144,6.463420509399824
76,_BcWyKQL16ndpBdggh2kNA,Karen,3903,2008-05-29,55589,340,10,1942,119,6.457366669956914
78,BlKCEQcc03mNdLA1pVG-XQ,Jack,480,2007-10-26,53264,144,10,11417,126,6.452785280867706
79,8qtsJtmefjJZIFM6_Ksd7A,Shanna,915,2006-04-08,305,110,12,435,144,6.44724763367437
87,igaoaFNkX7ieMuyUBg0u5w,Leang,2000,2006-06-18,205,79,12,585,142,6.408050203418299
88,DecNq9BYtMwHhgdnPNGbVQ,Rachel,892,2006-07-05,265,74,12,966,141,6.396010804382354
89,YbZg36FoMgkKcTEPae5siA,Amy,1755,2006-08-26,126,96,12,2220,140,6.395143880895898
91,fyS8H0BNDv5du_X7ttUEqQ,Shannon,796,2006-06-14,630,26,12,111,142,6.3912156026234035
96,UsXqCXRZwSCSw0AT7y1uBg,Candice,2666,2008-01-25,29004,1872,9,20325,123,6.371134296265295
100,w-w-k-QXosIKQ8HQVwU6IQ,Anthony,2731,2009-03-13,50402,969,9,60183,109,6.336885689106258
105,fgwI3rYHOv1ipfVfCSx7pg,Emi,1553,2009-09-17,47827,1439,9,26195,103,6.295186420384918
109,XYSDrIef7g4Gmp3lNFVO6A,Neal,4338,2007-07-19,15740,349,11,4643,129,6.269721504198862
110,XHuNSjrPA3Vyi7n4iVhZaQ,Maria,1114,2005-06-06,94,252,11,3317,154,6.253538286300824
116,ACUVZ4SiN0gni7dzVDm9EQ,Tiffany,2038,2007-03-15,20748,752,10,14639,133,6.232289848124816
125,g2pjJLw2362ne09i2xjgoQ,Kelly N Z,283,2005-06-28,38,44,11,144,154,6.152034103427504
132,IDl8QswIXwI6Fr6KW3TbRw,Joseph,1171,2008-05-02,49155,526,9,27533,119,6.130413841015301
134,QuZbJquRtbY9O9JrB9NpxQ,Jim,1636,2007-07-07,11734,157,11,5070,129,6.117776518270552
137,rMsB82tk9uOB6JumPMgczg,Brett,422,2007-08-03,5607,287,11,20725,128,6.1086436031089155
144,6a-782Y5FXqJ7KGmQtJsSQ,Laura,697,2006-01-03,292,74,11,440,147,6.084047205040059
147,37HswRimgBEf7_US-c3CDA,Adrienne,2306,2007-02-21,22176,191,10,27673,134,6.07708816459001
150,vWxQvbuUVMMvn6zvfNxVZg,Mike,618,2005-12-23,111,25,11,302,148,6.071698676801889
153,ZYZNcugF3xUEGyLOVGiZ0Q,Carol,2718,2007-01-04,258,339,11,4626,135,6.063863104852518
159,4rg-rTjYpnEjNOqi-ej4RA,Jennifer,608,2007-09-27,12136,43,11,815,127,6.036053345012852
161,ET8n-r7glWYqZhuR6GcdNw,Michelle,1772,2008-03-28,15321,873,10,13125,121,6.033850550261097
165,xceJT1G2Yhel3W2lRxRTDA,Susan,1113,2007-03-14,5391,100,11,1480,133,6.016864528069884
167,m3qH3d97shbvSCtmUrpDFA,Melanie,870,2006-09-27,978,95,11,1944,139,6.0119225261988944
172,s2c7-9bqMhjA8POuKIHm8g,Alicia,880,2007-01-17,1778,124,11,5128,135,6.0007117443419125
192,U9yWtQO_0LPjtaU9jN0JsA,Jean,1572,2006-11-28,144,115,11,383,137,5.975298565272692
198,HZ9ep6UdCW0TmTTAfjzYxg,Marie,582,2006-09-12,389,34,11,173,139,5.968921673324759
201,NZba-Q-Fp10iF77CTQt24Q,David,1141,2007-06-15,672,221,11,5820,130,5.963317246011951
208,WslBIvrC1ezr4VAvPMEyMA,Damian,564,2006-12-27,922,52,11,1714,136,5.954651670659995
212,ybJkYYEBvFGVb-or4i9_oA,Rebecca,2139,2007-05-17,3420,83,11,1477,131,5.949800737037733
220,6PEIKIibsT3NkG1THRfJPg,Danielle,612,2007-03-14,2146,66,11,1345,133,5.944060081716902
222,M9rRM6Eo5YbKLKMG5QiIPA,Aileen,891,2007-10-11,13383,513,10,23146,126,5.943246481363167
224,w8flMOM04LfF0175Stp3AA,Nette,639,2007-01-26,375,73,11,1530,135,5.940891784605761
228,SDURW9xVesI7-Yl9naeEog,Nancy,614,2006-12-17,130,56,11,475,136,5.937783258402291
230,WaqPitgrhpepyvFo2jcUBQ,Stephen,1101,2006-12-03,375,45,11,269,136,5.936690957314546
233,1zyE713RTVjBoO55_XjZiA,Albie,768,2006-12-26,203,42,11,137,136,5.931867634052919
262,kcLuh-ck_Zj07TsodaaNUA,Ferdinand,647,2007-05-14,16,84,11,431,131,5.885850993756242
274,PcPminF0bIUsKjUh9e4DMQ,Rachel,754,2007-09-08,2355,63,11,2233,127,5.875634809305028
291,6ivd2u_gj1f42Ep5WKue4Q,Eve,1118,2007-08-06,40,42,11,264,128,5.830660131875758
297,KVehpTNCERwMGAx-h9MR-A,Aaron,450,2006-05-04,8465,131,10,1663,143,5.824356042728441
304,LdWIjNvjdaAoAfpQhT6F9w,Tinna,931,2006-10-26,6163,219,10,12853,138,5.799798268128157
314,JcnZGx0dNLgsmkBcZj8oWQ,Heather,705,2006-07-24,6568,67,10,1962,141,5.739585056896403
316,0Igx-a1wAstiBDerGxXk2A,Jen,2184,2009-01-14,46158,143,9,4606,111,5.731424637370317
334,3LC2sKfvz_nWuJquUDsNnw,Bob,379,2006-05-22,3315,28,10,1183,143,5.686859660789909
340,S05NY_oZqxAVlS2OLkHmNQ,Bong,483,2008-01-21,11482,158,10,10752,123,5.675585049531836
352,eigZw_Tn4TWJPSZ9UO9Auw,Danielle,691,2006-10-03,16,205,10,1607,138,5.6437003281042335
381,ya3mbvTaymecfrTc08SxhQ,Angela,1717,2008-02-03,8184,194,10,5149,122,5.599671400560851
402,YIyGnPWNA7rb3hiIgFwb_A,Bradley,389,2006-09-28,70,16,10,67,139,5.570540002839936
408,c3_AdjAlMy4EJYQhuXADgA,Jason,658,2007-01-13,1370,55,10,489,135,5.5625177153595855
425,62GNFh5FySkA3MbrQmnqvg,Chad,2215,2004-12-19,2349,136,9,2723,160,5.546722855801237
429,Pstaq3a0m58jBDkoT5HtOw,Tiffany,493,2006-12-11,186,20,10,113,136,5.537446347924393
434,To0GTLW5MGZwOg5TxxZIQA,Ericka,1522,2008-02-07,3965,217,10,3940,122,5.530040849766946
444,syvwUKQJ4OYfmL_ixVLMeQ,Tina,3957,2008-06-30,1043,439,10,4060,118,5.524099238408509
450,xQLy_wpqrR3etSXt61OIIg,Jack,756,2007-06-11,1306,88,10,1594,130,5.517772325414049
467,InDrrRvQ9f732YGPX4Ixmg,Brian,270,2007-03-01,64,29,10,119,133,5.50211151915331
471,1tPEHTzNoPVOksewNF137A,Rachel,280,2007-03-19,14,13,10,67,133,5.494185025046702
476,AVfwXXqM9KOi_rZ_ALxxoQ,Caroline,548,2008-01-13,4217,101,10,2622,123,5.492453737277121
511,5gbkhlWANGVzQYi_0m3vOQ,Jess,2441,2008-03-06,836,232,10,2680,121,5.463858734335363
512,zWGj3oOA_X8QPho_l5BRKg,Martha,835,2007-11-10,2807,47,10,1058,125,5.463274861493696
518,Jtq_pKd7GVbXvFY8YU8kmw,Marissa,369,2007-07-25,430,26,10,312,129,5.458658019007292
544,ynRkJSonX8Unc5-uk3cw1w,Michelle,973,2008-08-15,6012,94,10,2299,116,5.433821614536217
548,nnwBdqGHIAJQ5QX9lHOtrQ,Hank,2579,2008-02-18,438,158,10,1365,122,5.432688893190284
556,HUmClClluKP5Ur6X7e306Q,John,1170,2008-03-01,3044,69,10,927,121,5.427053462631762
586,DXh8yxwZCg5Ckj5kmDvKXw,Michael,1034,2008-02-13,162,106,10,1469,122,5.405895036614616
626,sBkm5dZgoZXBNb5W6YQj7Q,Alexander,604,2008-07-18,2406,81,10,1002,117,5.371721467242301
654,HEPfqAH6ObF36Fp1B9Fi1Q,Sally,666,2008-06-04,411,67,10,1040,118,5.342699884841267
661,k_muz40jJaiY1PVga6NDXA,Louis,942,2008-06-09,670,49,10,340,118,5.337073504052843
667,tPufvUuxXLJOMYQ7gzsMVA,Andrew,993,2008-06-05,175,50,10,303,118,5.3285563135446345
670,NvUeb5G_mSSxgKhEE_Hueg,Jocy,1212,2008-03-10,14470,209,9,6137,121,5.324600269397138
677,bGzQELylOfNPi_XpitxPTQ,Liz,434,2008-07-11,56,36,10,274,117,5.307995139928421
685,RlXfOTtpgTfcisRmukrGbw,Jenn,1569,2006-12-15,6016,103,9,2205,136,5.299703139638444
717,2wzBYj-J0xQ2RWD46cDI5w,Celeste,814,2008-03-20,14456,90,9,562,121,5.253247889532238
745,WN3FQ5lNz5q8FFbeH42OxQ,Melanie,865,2007-10-09,4596,167,9,10583,126,5.208671736997765
750,hd-S4mtrPY9Q6iuBJegnOQ,Ellen,833,2007-02-08,2926,59,9,486,134,5.194955804871549
824,2HchhLgGj16aITZGVy0hqA,Yi,2705,2008-01-12,315,304,9,1770,123,5.122185948817327
826,jj0t-2qLGl2g_odLBjxKOw,Laurice,741,2007-06-30,1693,55,9,396,130,5.1215871227845335
870,PjYaEnWRFB7uogiAeaXQQA,Alice,351,2007-08-20,207,82,9,1134,128,5.084670323469801
912,60IVUw1Rfzz-IE7EiAoUEw,Nancy,446,2007-09-04,664,31,9,249,127,5.05542883577482
932,hWDybu_KvYLSdEFzGrniTw,Bruce,8353,2009-03-08,22628,417,8,10349,109,5.041321146955228
972,TYCkjEHPSJSnFb6m6GDluw,Mike,317,2008-02-06,1096,65,9,1147,122,5.019191761386947
1007,nT3tLANzGy0a7DuB_GIQjA,Rebecca,599,2008-01-12,209,40,9,570,123,5.0029602622638185
1048,B5RcWUztezeNkW-_ujqViQ,Janene,1351,2008-06-11,175,138,9,877,118,4.9836833448011815
1074,DCnqvmdvbu04hTAv7DX-Mw,Alice,565,2008-06-11,275,112,9,706,118,4.973716241814393
1158,5WBIwR92ZNVmsG7bRaxHKw,Jessie,607,2008-07-07,178,62,9,112,117,4.936093925470437
1185,s4O8baEyijx68SOrz668rg,Dave,256,2008-07-14,209,34,9,448,117,4.925876702544048
1187,98v_f4MQhbAK-SKeSATEEg,Christina,531,2008-08-20,273,47,9,1155,116,4.9227922554759775
1188,djp57omz9cccV1wI0_sqqA,Stephanie,351,2008-08-02,1038,23,9,142,116,4.922472573834273
1192,p3heVCnq3M0H2LMxIuuc5g,Andreas,1124,2009-01-19,3184,70,9,662,111,4.9209427204130325
1201,JlD8asiXfY1CoGy3VHFRlA,Kevin,372,2006-01-02,364,37,8,948,147,4.917483711551852
1211,TLdMXf2gt9Am9LOLL_T2FQ,Brandy,448,2008-07-07,45,15,9,176,117,4.913840969713252
1254,IcdxwCBX6rNHwlcFJEVVtQ,Hilary,1162,2008-01-23,5895,417,8,4416,123,4.894837397533456
1283,MMHVt1xtlD4xJWOMPtX2OA,Maria,346,2008-11-19,176,40,9,557,113,4.878869018297495
1290,H_-K6erSJYtzg3ZEvOg3EQ,Amy,580,2009-02-17,830,94,9,566,110,4.876619352263315
1298,vD65y5E3Az3bFc6UW4G1eA,Natalie,519,2009-02-20,553,98,9,473,110,4.873064191270691
1327,Reuq65EOFI938Yg8xgff9g,Faith,1120,2009-03-05,828,85,9,852,109,4.86142054291621
1349,sv5K9wQ04MqxtvytKXORFw,Nancy,380,2008-12-20,2,19,9,111,112,4.852824077853387
1431,lxt4LomsbAjBvk5POhDTEw,Kristin,802,2009-09-14,17631,194,8,17421,103,4.808432509993613
1488,q91tQNboB-0HWtM8cXRjdg,Billy,752,2007-01-12,501,54,8,337,135,4.776840208684487
1511,oedIFmYQViZ9F2F-dvDNMg,Melissa,405,2007-02-27,180,57,8,643,134,4.761171576675936
1532,NfU0zDaTMEQ4-X9dbQWd9A,Cara,894,2010-07-21,12835,646,8,4205,93,4.745257531984712
1570,be8hFRSzakhqt37ojP308g,Stacey,443,2007-07-06,175,119,8,805,129,4.726477553987861
1571,gqpnDoFx42U5NdtejYfKOg,Jen,404,2007-04-09,341,27,8,512,132,4.7260315830312365
1576,p5cl1onC4dMDcp3EF30EUA,Aisha,511,2007-05-31,74,61,8,370,131,4.722972116586966
1594,C0RonzO64B4D3o6GtcMlxg,Jan,846,2007-04-14,171,13,8,114,132,4.715573321716668
1595,UBsLObCOSI5Sb0G2W8nqIg,Robin,289,2007-06-13,884,38,8,468,130,4.715555070105665
1601,KnIDkn0LAhcAhykDfQQgUQ,Lisa,296,2007-04-03,9,12,8,27,132,4.711946844230299
1659,TA5f9rpPGllhrjhIor8jNA,Karen,538,2007-08-17,124,38,8,361,128,4.676948070668186
1700,Ng3pvTZJR7vXZ49hYnWzow,Vin,255,2007-09-16,32,15,8,177,127,4.652454583545569
1741,IyIsFkVY48JWa01inv-7zA,Rob,2188,2008-03-27,128,129,8,823,121,4.6312208176963265
1767,_uqIpl5tzucKuIlZZPBZRw,Eric,591,2008-02-22,590,53,8,244,122,4.617166178812914
1802,JUlMVyJQ6ijHCdMjs8bGhw,Mike,1013,2008-03-27,40,63,8,321,121,4.599588877063491
1826,qlC607Cyp0Mj91vDFvkp3Q,Nicole,1508,2010-04-16,8358,377,8,5160,96,4.590917961284963
1839,Ev55kUL77kZk6xCYam5www,Kali,1010,2008-05-02,202,78,8,356,119,4.584328171936272
1909,EyaluppfmU_oI5pb2jF1TQ,Donna,560,2008-07-17,829,46,8,518,117,4.557687257035899
1931,Eg1T--knapihoR2GV-Dj_w,Christopher,454,2008-07-13,193,52,8,333,117,4.548264851399363
1957,nOr3_aq60yivqgcso_iDMw,Rodney,655,2009-04-12,6446,30,8,227,108,4.5386617079026665
1968,3Uv0dGI2IXJb2OUj8R2GJA,Joyce,499,2008-08-03,445,41,8,212,116,4.535258980533259
2030,53QaFbmZojYK0vv3RQagcw,Annie,358,2008-09-12,329,27,8,580,115,4.516187434520197
2043,W3W6ywndgEOM4mf_DgCb5g,Gabriel,249,2008-10-05,885,29,8,156,114,4.513061095334806
2079,cJ-ujlCWP0i1UZXSH7F3gg,Roxanne,503,2009-03-18,3385,39,8,237,109,4.5004077471553465
2120,rnfgjemszUlQx6U_-PO63w,Sal,810,2009-01-26,425,62,8,1415,111,4.486515103159795
2126,fwSsSQXLvip6MkayAa_vyQ,Kathleen,1109,2010-10-17,13617,91,8,4409,90,4.485326949546119
2135,itmb9uAolzQnmEBDlV24qQ,Laura,206,2006-04-19,65,23,7,116,144,4.481506655380668
2154,obnSWeGIYsjedPvy0_0Jag,Charles,708,2009-01-14,527,41,8,273,111,4.4752109240634494
2187,HXOfPXPMvdXNpQ_l0RRjKw,Jeffrey,1665,2010-08-16,4664,364,8,3686,92,4.464882623238319
2232,LAsOaowycjpyCenm1IUi_g,Jen,323,2009-02-21,403,22,8,209,110,4.4522940218927305
2254,yaBIVHDxaUBN2YHQ8-YiuQ,Meredith,1173,2009-03-29,4,55,8,342,109,4.447451705659013
2269,m8nDqQ7a3zQWfkNK1_vwnQ,Peter,596,2009-06-30,1831,41,8,2006,106,4.442964136821733
2270,tk47e3weem-fA6K9J-iH9Q,Kait,379,2009-03-29,573,21,8,323,109,4.4429588617035005
2316,X0X3hiKv5CigUec1XYi_pg,Devon,273,2009-03-02,52,16,8,62,109,4.430600361780456
2402,VbfaQcyRqSZ0rGvhgg-3Fw,Shawn,432,2006-10-23,390,11,7,125,138,4.408114121486992
2484,Ytjon2aVUm09CMdfGJxZYg,Rachel,636,2009-09-18,722,52,8,739,103,4.386310711305344
2525,AFCSE7BT3FGle35em1WWVw,Pat,738,2009-08-02,154,28,8,385,104,4.376992409554443
2562,g42wi9bOD_WAZsro7VW6rA,Helen,253,2007-01-24,134,18,7,142,135,4.3695777485395375
2689,z_9oeZ5aN8g8AzPNENht8w,Anne,1667,2007-06-21,37,93,7,389,130,4.339117838217668
2692,2hii37dkKL4POcu6vh_6EA,Melissa,448,2009-11-28,205,23,8,286,101,4.3383649517702425
2828,pFRE2mNCQvx9DUU542c6Dw,Ashley,597,2007-06-09,61,21,7,85,130,4.307627755506672
2856,Ry1O_KXZHGRI8g5zBR3IcQ,John,1270,2010-04-22,402,66,8,763,96,4.300273847853257
3281,rv9d5TcnnxuOCX7ole_Clg,Jon,1597,2008-10-03,3208,55,7,326,114,4.181540342821334
3708,SlgpAnj2gQd44EM_Uq6DkQ,Jeff,1345,2009-07-07,1583,96,7,1821,105,4.064460381947707
3744,fJ_qSZH_akvWzHUPMqab1g,Ashley,318,2008-01-03,11782,45,6,486,123,4.05695807081865
3792,qntQp9UoeP6ju8D_W0Y0cw,Nelson,816,2009-04-30,200,41,7,135,108,4.047238424574559
3808,s_Dg0gNZmh-Vc6yLQ34_lw,Brian,329,2009-03-02,13,12,7,115,109,4.043770402491135
3864,5oM7gXmeX7s6T1_KlL30yQ,Carolyn,412,2006-10-22,654,15,6,70,138,4.0297112383619655
3871,JUT0U3HTSB3kz9Wh7N0GqA,Corey,875,2010-06-14,2070,286,7,4548,94,4.028516333762748
4047,aDYNz8cujkDdmbiOh95ANA,Julia,1024,2009-09-05,66,61,7,507,103,3.9930309382547664
4549,aDApcTFMWehnSXgbg49TPQ,Syrah,149,2007-08-01,10,17,6,66,128,3.8956323554062284
4672,iSqAA0keruU-ZZro7jW0zQ,Zewditu,1244,2010-08-15,993,68,7,301,92,3.8759806397876817
4705,qjYXOBnladFYhciGBSgAMw,Jonathan,442,2010-06-18,416,23,7,181,94,3.8707059080705486
4951,s4cki7AiOrOjb5r-ZpbJUw,Brian,392,2010-10-03,1063,31,7,372,90,3.8369554073857812
5112,WBCG29Wa-amEZPnoAGqYgg,Emily,227,2010-10-26,190,18,7,102,90,3.8148743255030824
5532,vKUlUXLVylwdttu7h1_Y5Q,Travis,862,2011-04-18,279,53,7,335,84,3.758208177884837
6253,NXmp8CW4RFKAU0oNWb--wA,Lauren,229,2009-05-02,496,12,6,85,107,3.642952877170161
6301,qmjoMFMZdLH69_6eGTGDZw,Lisa,320,2009-06-16,521,21,6,97,106,3.6349478185783006
6446,xN-xoLhTHUFfTS_BMGG0xg,Teej,663,2007-05-29,661,126,5,2445,131,3.614903078318217
8094,f_evBImeOZavf8kSiabPtA,Laura,496,2010-12-13,230,38,6,191,88,3.415162008987118
8346,2-iZ3lifB5gGWcpP6EgCCw,Matthew,293,2008-07-10,896,18,5,113,117,3.3915839932412166
8587,Ox0Nic-2-6pb7V4jyi9iFA,Stephanie,185,2011-03-09,337,17,6,248,85,3.3712474143500595
8789,cuVrNmt7_WtBn1uz5L_p0g,Mike,1722,2011-06-03,121,65,6,270,82,3.350990024465431
9027,D-wB7VhTwSwQo4A73lQuBA,Sabrina,111,2008-12-28,672,20,5,253,112,3.3272307564080315
9157,h7Qb2VZwNstP84ntwfJJZQ,Lucinda,224,2011-07-16,4,15,6,81,81,3.31447686071384
9516,htzxDWzRt4Xd7UGy4t0yAw,Casandra,305,2009-03-07,34,29,5,161,109,3.2823562213977953
9722,weCeiXxZBhBY5mX9y6jS1A,Jess,567,2006-10-15,51,43,4,269,138,3.2624511472190685
9724,B8WruADju0mx5FlkLfYYfw,Mark,576,2011-12-03,480,16,6,269,76,3.2623297568389047
10907,4BaRBsPhITxM8GhMFhKFnw,Sarah,335,2010-02-13,300,18,5,123,98,3.14644303929608
10970,W-jxlh7yj4LQ3ETkFK2_tQ,Arun,439,2010-02-13,112,11,5,66,98,3.139894147261002
11091,n4tD6axYRFajkX2ESvukMw,Eve,250,2010-03-31,16,16,5,109,97,3.1281352655598993
11907,cyuDrrG5eEK-TZI867MUPA,Mitch,928,2010-11-23,639,37,5,359,89,3.0503525501107327
12308,XxBbmN0D74n1M_8Rc3RydA,Edward,230,2008-07-11,1308,13,4,48,117,3.0119272498091023
12360,3L7nHnaeSHSdZXzV_vdvAQ,Heather,273,2008-06-19,103,19,4,75,118,3.0054888645967455
12572,6S2hVlEHOdlwaRphc_8U4g,Nicole,251,2008-07-30,128,6,4,51,117,2.9879371043916603
12690,r-zUIQPaHzvIyL93wQaoiQ,Joyce,633,2011-05-23,593,41,5,435,83,2.977446672257323
12711,EtBYV4tWrKH6jR0RCwV_JA,NK,217,2008-09-25,575,16,4,259,115,2.976235360614658
13021,hXQHu4Isp1wZYO6A-I0zQg,Megan,211,2011-05-05,18,9,5,51,83,2.952125386632205
13135,mwAGcfk2YfpWnL2uCQfCEw,Angela,550,2008-12-15,146,40,4,393,112,2.942319092383323
13166,QmethzRyAvZXS9m1UNJpdw,Kellie,390,2011-08-16,938,28,5,125,80,2.939865123576416
14793,bUPeHBFEINhqiKj9-k4-zA,Charles,77,2012-07-10,578,68,5,594,69,2.8164719391100816
15073,xvgH8BtK743Kjoy0wZdFqQ,Chris,264,2009-12-21,56,47,4,192,100,2.7948378702005154
15410,NEPtb8p3nyQkkap0DZ0__g,Anthony,150,2010-01-28,187,21,4,95,99,2.7733446200781136
17899,_U0E0I-uyIOY7tn-ryirLg,Jan,117,2011-01-16,36,4,4,7,87,2.6149138468261612
20877,v2PkGI7MjkmyRzht2bMWQw,George,336,2012-03-26,68,16,4,88,73,2.448073250513746
21333,fpYMYJowa9Levq6SszNcvA,Leean,396,2009-10-26,122,25,3,108,102,2.4263683401544047
23053,j2Hd4aM8XYnYOyhS0ZCNww,Mary,170,2010-04-18,50,7,3,159,96,2.343492736603168
24184,rejdO1V12C2ZIyEv_Evysg,Cesar,305,2010-08-25,49,12,3,52,92,2.295845231904801
25491,apwx9mVErPHhQgxFnlvcjA,David,105,2010-12-10,97,3,3,23,88,2.243359847225268
26405,I0oLG7MHi3BrHvB6RWSdnA,Mariaroberta,205,2013-10-28,68,10,4,202,54,2.211349639965788
27482,6ynpX_OjeMBwBCu11p2r9w,Michelle,251,2014-02-21,619,8,4,74,50,2.170456013787589
29194,-0b84SUGVN0YkG5j2MCmBw,Marcie,156,2011-11-08,27,5,3,15,77,2.107138428285252
30344,PcvbBOCOcs6_suRDH7TSTg,Juan,1071,2012-08-16,20586,159,2,5294,68,2.062390024852106
31347,H3KluKXf1mp3etCToCJhqg,Mike,399,2012-06-17,36,10,3,25,70,2.0230551642289694
32019,M3ncFIlEfaSdSpoiMINwBA,Kevin,315,2012-08-08,53,6,3,53,68,1.9970556294942945
34637,y-dpL5Iun_Drej8DFGfAgg,Michelle,88,2010-08-10,19,5,2,24,92,1.9075983823545284
38367,sQ7dT01o_m2tu4gamI_4Rg,Victor,37,2006-02-11,15,2,0,2,146,1.8035994242404705
41313,-85GzMKjLZgOyDCvUAikJA,Tony,87,2006-07-28,15,5,0,8,141,1.7431767987038072
55766,ceAThsA4RPlpHGO3N-juyA,Gregg,36,2007-08-06,4,0,0,2,128,1.5803253518566105
57814,GXa1VDwsTB8O0uy2S6Orpg,Joel,155,2007-10-01,19,10,0,28,126,1.5602752759073475
74837,VRB46CgxSqgyGZMWeQJSIg,Mariko,195,2008-07-14,5,8,0,56,117,1.4481602079688642
77572,9PPcJLgXuEUYh3nMS7hXKg,Claudio,75,2013-10-27,42,2,2,47,54,1.4376711401350757
82477,cRXFtnOJz-yw_EMdavtDzA,Michael,2,2008-09-28,1,0,0,0,115,1.4197708871406824
85019,lMMIqUeWLekL3P83sjbCQA,Melissa,36,2008-10-25,1,0,0,4,114,1.4074396789136299
85094,7Uz4gT4iFOWkc_8LT37f1g,bree,13,2008-10-28,1,0,0,1,114,1.4074288258246597
85256,nQx3nKOEqr0lqpL0RIMO6g,Chris,6,2008-10-30,0,0,0,1,114,1.4074110251037308
86702,KWnGQSp3xUJTJZRiLwuc9g,Rebecca,47,2008-11-05,1,3,0,6,113,1.3963852986410559
100248,3cADFWNkeGKBsy7WO-VrBw,Solomohn,66,2009-03-26,24,5,0,28,109,1.348347630723575
100452,Z8x8nMD45eHO2pj5s5eaVA,Constancia,99,2009-03-24,36,3,0,10,109,1.3476400786094886
107109,6BnhwvCFUVfKPtrMerYALw,Megan,20,2009-04-02,1,0,0,0,108,1.3333511340542623
107304,WnVO2Zy1ABwjfOH0nnVKsA,Laura,26,2009-04-27,0,0,0,2,108,1.3333405687259798
111347,zGrgQw_EoJg4zDnoWnFb2w,Laura,29,2009-05-16,2,0,0,1,107,1.3210268734591697
133148,7lrLdRT5cUuEy_7StDbsag,Jorgen,8,2009-09-21,1,0,0,0,103,1.2716227389925343
134810,0DLH55Fcmx-lI5dkyL_bKQ,Maria,103,2014-12-02,4,4,2,85,40,1.2651487212586299
135375,xlzvOVH5RyEZHR5yl_9Uiw,Brian,163,2009-10-04,3,4,0,17,102,1.2610862467223771
141444,k8lnEtbLKwCZJGZclbw5FQ,Leslie,10,2009-11-21,0,1,0,2,101,1.2473488367552683
146702,bqeYFt5sRAeEUpIQ7U5PLA,Jenna,9,2009-12-13,4,0,0,0,100,1.2346391041182847
156134,3hjRqQPXejPJLlSVJdqoWA,Raquel,38,2010-02-25,10,6,0,6,98,1.2126443832913592
168312,kUxCPwO6zlAwE5OWZZgqMg,Dolly,4,2010-03-05,0,0,0,0,97,1.1975308641975309
171711,xZ3Vjfih_G7ZqqD8GOoqGA,Matt,28,2010-04-21,11,0,0,2,96,1.185388228508053
174410,V6MUTkgdJ6OIumH0OLm3rw,Dave,7,2010-04-12,0,0,0,0,96,1.1851851851851851
173782,J_YdNRh3XczuBubDLCPndQ,mobilfunksz,19,2010-04-01,0,0,0,0,96,1.1851851851851851
182376,SaFwA-O7hGWt4JCgaSKfFg,Diana,66,2010-06-29,21,4,0,11,94,1.1626195214223969
188865,Ohu2hfJX_5TeMp5X1dE3Lg,kanu-a,2,2010-06-28,0,0,0,0,94,1.160493827160494
189275,BqmvcFz8f0_o90HJFMpe6w,Handy4u-Criv,5,2010-06-14,0,0,0,0,94,1.160493827160494
189566,OIyeZyPEppjeiHMxtJq0Zg,Olivia,48,2010-07-18,373,8,0,23,93,1.1582951929958425
208039,nJNkRqYOWSohCyd_CrVkbQ,Sarah,4,2010-08-30,0,0,0,0,92,1.1358024691358024
227350,DZM-GYbeNzz0BSL_zM2zhQ,John,84,2010-11-17,5,2,0,8,89,1.0997394195054149
233595,Cr88dTMP_sfPX0KTIkoO9g,Anthony,2,2010-11-17,0,0,0,0,89,1.0987654320987654
233803,rgwzJMqliK5Khs4-vpXAEw,crus,5,2010-11-23,0,0,0,0,89,1.0987654320987654
232900,wz4pCzObRZ8adQDdGjziWA,Vielleicht_d,10,2010-11-21,0,0,0,0,89,1.0987654320987654
234415,XoAx1fcDmUeuG7Mpd-MkWg,Jeff,119,2010-12-04,70,3,0,8,88,1.0889788084691754
238047,NGKlW-6DMuL73uSEFJyLyw,Rod,56,2010-12-12,4,0,0,2,88,1.0864981913627831
261372,IrZBI_MLdwer8GKStOP0Zg,Dan,10,2011-02-25,0,0,0,2,86,1.061735630454375
278578,2ZiJmiq3niVfkIz_KDBDfQ,Cheech,29,2011-04-10,62,0,0,33,84,1.0382600657133172
292761,UA_PSxcBCxWIycTPcOxzTA,Trevor,55,2011-05-13,0,1,0,0,83,1.0251193791404
296173,sfV5sKQElvHq7eLwgH9O5w,James,14,2011-05-13,1,0,0,0,83,1.0247091587456207
304765,s5mTRiTBOaAw-5YWf7Ui_g,Doug,21,2011-06-13,0,1,0,2,82,1.0127809355207007
335197,IZljh8rioPTUCrb_Sl29vw,Cynthia,4,2011-08-11,1,0,0,0,80,0.9876721217085834
343658,__u0vWKQ7kDplAhCGBOtKA,Jenn,7,2011-09-27,0,1,0,4,79,0.9757511338763104
360127,3_x4UQmvfU-rfw716nv-hQ,Rob,17,2011-10-26,0,0,0,1,78,0.9629665806592862
372339,4uvMICfWfDhqEZcCqmpwgg,Ananda,4,2011-11-26,0,0,0,1,77,0.9506209016469406
373309,dtUyclptaTj39vqF6J2JmQ,PRABHA,6,2011-11-29,0,0,0,0,77,0.9506172839506172
386794,TdiS_KhV5av_m3nujACn7A,Elizabeth,3,2011-12-07,0,0,0,0,76,0.9382716049382716
400712,r18p34iac1nUt8hxf1tj1g,Colleen,2,2012-01-26,0,0,0,0,75,0.925925925925926
398655,kJc3qvxrisv6oM-C0Pt83w,Dina,20,2012-01-23,0,0,0,0,75,0.925925925925926
401338,knySv4Xsnx5ifUQxk8aRqQ,Porsche,80,2012-02-02,63,2,0,20,74,0.9156300884900029
414550,EKfgB4_bLKkzfIFAcr_D-A,Marwileo,6,2012-03-14,4,1,0,1,73,0.9017374095969832
421564,3dXsFv6aAYnVPPuUkvCa8g,Joydip,31,2012-03-10,0,0,0,0,73,0.9012345679012346
426910,LBYfP1qhGVScjzDR_5x4XQ,Tayla,30,2012-04-18,9,1,0,5,72,0.8894952049745767
431680,o7g9FHCJ7Rfdwf3UdlB1Dg,Whitney,13,2012-04-09,1,0,0,0,72,0.888906689609818
433286,MJKjuoxDDjUYVbNcaqyjjg,Benjamin,2,2012-04-07,0,0,0,0,72,0.8888888888888888
450968,aSo8b495Tfjw_8Idg94Fqw,Richard,105,2012-06-02,18,1,0,4,70,0.8649604357419247
453102,Fl0ikMuhlT5CdlilDrX1YQ,Nance,21,2012-06-29,7,0,0,17,70,0.8643836367481985
475305,dlRHsiihE-clURQMB_q8TA,Lindy,7,2012-07-03,0,0,0,0,69,0.8518518518518519
520315,szwtYEFdA9WXoXS2g9D3Gg,Kimberly,35,2012-11-12,18,1,0,1,65,0.8032211875912264
534703,58Hx4zzdmUd5urv23ntcGw,Carrie,43,2012-12-27,14,0,0,1,64,0.7903762845794555
537858,WFSW_tX9xODo9W_rAnk9Fw,Michael,15,2012-12-10,1,0,0,0,64,0.7901412575110526
542817,tcpH_Lw1dV0XTKq_X9Ilpg,Mary,7,2012-12-28,0,0,0,0,64,0.7901234567901234
551673,X4KvWGo05jwT8M4hb5uSSA,Megan,8,2013-01-21,1,0,0,0,63,0.777795578498707
572111,O0bOIlVWVcg9MKy83ojgkQ,Martina-Realtor,52,2013-03-16,33,6,0,8,61,0.7562709118085869
586585,H74Dv2uhRcfYurTwLMTjNA,Linda,57,2013-04-03,226,1,0,6,60,0.7452134309643877
595417,tzSVX-0Tsb07dI9BHW-InQ,Jena,3,2013-04-18,0,0,0,0,60,0.7407407407407407
612417,_MJOtVTGB8OFwOixJhHubQ,Regina,5,2013-05-29,0,0,0,0,59,0.7283950617283951
629894,0w4puQkKd1m64_mVYKPiKA,Giuseppe,7,2013-07-11,2,2,0,7,57,0.7046206712512422
636909,Fw7Bk2ZI4jLXVJ5SRKtzvg,Crystal,2,2013-07-14,0,0,0,2,57,0.7037109390963504
704756,N_R_Ur1JtkSMihO29DH4TA,Jocelyne,2,2013-12-21,1,1,0,0,52,0.6424211304786128
705337,acG6sCCyWwfH4_lJ-lTgKw,Matt,22,2013-12-09,19,0,0,0,52,0.64231352233963
710723,FG-2EY4LtcjcdyR69bekgQ,Kindrea,2,2013-12-18,0,0,0,0,52,0.6419753086419753
726078,lIazXaD8_x4TbBsqBWyCfw,Thomas,1,2014-01-04,0,0,0,0,51,0.6296296296296297
738799,gZP_FtePocaNywKLKjjKwQ,Alex,1,2014-02-05,0,0,0,0,50,0.6172839506172839
766168,Hucf3msWDa-MzTcjFzbTnQ,S,33,2014-04-06,0,0,0,1,48,0.5925962102889158
775795,nA0IUjfVQGFXWJwmY9lZhg,Norama,5,2014-05-10,2,1,0,0,47,0.5807105361378138
788136,XU61CKUSNAozUKpf-D20Bg,Ger,5,2014-05-04,0,0,0,0,47,0.5802469135802469
790289,ByJOtvEMBk4WM3LxwV0L3w,Cheryl,4,2014-05-28,0,0,0,0,47,0.5802469135802469
797856,zYsQB7ErPFVPMWBtvjzPHA,Debby,8,2014-06-06,1,0,0,0,46,0.5679190352888304
900378,OzO1caVsj98B4PYCLwiX7Q,Miranda,10,2014-12-17,1,0,0,0,40,0.4938449612147564
974698,jnNSThYhkBAx_H7tK2kAsg,Josh,5,2015-04-08,0,0,0,0,36,0.4444444444444444
966724,A2oilvP9WPaJfEf3Gp5sRw,Karen,1,2015-04-06,0,0,0,0,36,0.4444444444444444
983328,yP21ZJVzPB-1KLRfyW38CQ,Anne,1,2015-05-10,0,0,0,0,35,0.4320987654320987
1008296,2SbdXb5zhr_sYvUnB_33uQ,Regina,4,2015-06-19,0,0,0,0,34,0.41975308641975306
1024621,1Emm79V-6riYjiwOmVHBuA,Maritza,1,2015-07-20,0,0,0,0,33,0.4074074074074074
1028020,oT4RjuVnyOgWmDkgpnL1QA,Marlyn,7,2015-08-12,0,1,0,1,32,0.39549336720709344
1034926,kTJG8q4tRKQCol1w7j0gog,Tom,2,2015-08-22,0,0,0,0,32,0.3950617283950617
1048941,BQKjFPJpolS6yqulFX4Wog,Conley,11,2015-09-14,0,0,0,1,31,0.38271966707903937
1052839,eJd3iIkiUiIH-8wIAT76Eg,C,2,2015-09-04,0,0,0,0,31,0.382716049382716
1059412,V3Dt4BX_hhxGodgjgKrRAQ,Alex,28,2015-10-21,2,1,0,2,30,0.3708412283205838
1088581,78gZ8D1MY3ZHLtzWuFqOhA,April,3,2015-11-11,0,0,0,0,29,0.3580246913580247
1083026,0ldPR1lbJxQz_hQ_nd4E7g,Kristy,4,2015-11-05,0,0,0,0,29,0.3580246913580247
1092811,Bic_gIQ6F0vJdD7LGtnYvA,Alexxa,3,2015-12-27,1,0,0,1,28,0.3457004307629315
1100336,JIi-QLF1DIxgj8Q9_Z5zNw,Eva,2,2015-12-16,0,0,0,0,28,0.34567901234567894
1135539,20hdoa7IP_dVfEfNqrjOQA,Lucy,5,2016-03-15,2,0,0,0,25,0.30867757675050034
1149768,UWAJns5wCqNmM5mtWtDcNg,Daniel,12,2016-04-12,2,0,0,0,24,0.29633189773815466
1169629,aNJj9893BPyBd_Mtmc0Uhw,Tracy,1,2016-05-07,0,0,0,0,23,0.2839506172839506
1168642,FJfnHNLvFHls8U4k_8Bj7g,Sara,2,2016-05-10,0,0,0,0,23,0.2839506172839506
1184708,klj4q4_8qyG1sTyPefurXw,Eric,3,2016-06-07,0,0,0,0,22,0.2716049382716049
1203525,yUlgeMrRoxVdBii55YQ7ig,Autumn,4,2016-08-03,6,0,0,0,20,0.2470203845724888
1280575,1FYMtQOpjM6G-29Rb3w9og,Sarah,2,2017-04-25,0,0,0,0,12,0.14814814814814814
1278124,PItkcuoLf2o-fUYglh_cJw,Ghazaleh,1,2017-04-15,0,0,0,0,12,0.14814814814814814
